time,x,y,z,Roll,Pitch,Yaw
0.0,500.0,0.0,200.0,0.0,0.0,0.0
0.01,500.0,0.0,200.0,0.0,0.0,0.0
0.02,500.0,0.0,200.0,0.0,0.0,0.0
0.03,500.0,0.0,200.0,0.0,0.0,0.0
0.04,500.0,0.0,200.0,0.0,0.0,0.0
0.05,500.0,0.0,200.0,0.0,0.0,0.0
0.06,500.0,0.0,200.0,0.0,0.0,0.0
0.07,500.0,0.0,200.0,0.0,0.0,0.0
0.08,500.0,0.0,200.0,0.0,0.0,0.0
0.09,500.0,0.0,200.0,0.0,0.0,0.0
0.1,500.0,0.0,200.0,0.0,0.0,0.0
0.11,500.0,0.0,200.0,0.0,0.0,0.0
0.12,500.0,0.0,200.0,0.0,0.0,0.0
0.13,500.0,0.0,200.0,0.0,0.0,0.0
0.14,500.0,0.0,200.0,0.0,0.0,0.0
0.15,500.0,0.0,200.0,0.0,0.0,0.0
0.16,500.0,0.0,200.0,0.0,0.0,0.0
0.17,500.0,0.0,200.0,0.0,0.0,0.0
0.18,500.0,0.0,200.0,0.0,0.0,0.0
0.19,500.0,0.0,200.0,0.0,0.0,0.0
0.2,500.0,0.0,200.0,0.0,0.0,0.0
0.21,500.0,0.0,200.0,0.0,0.0,0.0
0.22,500.0,0.0,200.0,0.0,0.0,0.0
0.23,500.0,0.0,200.0,0.0,0.0,0.0
0.24,500.0,0.0,200.0,0.0,0.0,0.0
0.25,500.0,0.0,200.0,0.0,0.0,0.0
0.26,500.0,0.0,200.0,0.0,0.0,0.0
0.27,500.0,0.0,200.0,0.0,0.0,0.0
0.28,500.0,0.0,200.0,0.0,0.0,0.0
0.29,500.0,0.0,200.0,0.0,0.0,0.0
0.3,500.0,0.0,200.0,0.0,0.0,0.0
0.31,500.0,0.0,200.0,0.0,0.0,0.0
0.32,500.0,0.0,200.0,0.0,0.0,0.0
0.33,500.0,0.0,200.0,0.0,0.0,0.0
0.34,500.0,0.0,200.0,0.0,0.0,0.0
0.35000000000000003,500.0,0.0,200.0,0.0,0.0,0.0
0.36,500.0,0.0,200.0,0.0,0.0,0.0
0.37,500.0,0.0,200.0,0.0,0.0,0.0
0.38,500.0,0.0,200.0,0.0,0.0,0.0
0.39,500.0,0.0,200.0,0.0,0.0,0.0
0.4,500.0,0.0,200.0,0.0,0.0,0.0
0.41000000000000003,500.0,0.0,200.0,0.0,0.0,0.0
0.42,500.0,0.0,200.0,0.0,0.0,0.0
0.43,500.0,0.0,200.0,0.0,0.0,0.0
0.44,500.0,0.0,200.0,0.0,0.0,0.0
0.45,500.0,0.0,200.0,0.0,0.0,0.0
0.46,500.0,0.0,200.0,0.0,0.0,0.0
0.47000000000000003,500.0,0.0,200.0,0.0,0.0,0.0
0.48,500.0,0.0,200.0,0.0,0.0,0.0
0.49,500.0,0.0,200.0,0.0,0.0,0.0
0.5,500.0,0.0,200.0,0.0,0.0,0.0
0.51,500.0,0.0,200.0,0.0,0.0,0.0
0.52,500.0,0.0,200.0,0.0,0.0,0.0
0.53,500.0,0.0,200.0,0.0,0.0,0.0
0.54,500.0,0.0,200.0,0.0,0.0,0.0
0.55,500.0,0.0,200.0,0.0,0.0,0.0
0.56,500.0,0.0,200.0,0.0,0.0,0.0
0.5700000000000001,500.0,0.0,200.0,0.0,0.0,0.0
0.58,500.0,0.0,200.0,0.0,0.0,0.0
0.59,500.0,0.0,200.0,0.0,0.0,0.0
0.6,500.0,0.0,200.0,0.0,0.0,0.0
0.61,500.0,0.0,200.0,0.0,0.0,0.0
0.62,500.0,0.0,200.0,0.0,0.0,0.0
0.63,500.0,0.0,200.0,0.0,0.0,0.0
0.64,500.0,0.0,200.0,0.0,0.0,0.0
0.65,500.0,0.0,200.0,0.0,0.0,0.0
0.66,500.0,0.0,200.0,0.0,0.0,0.0
0.67,500.0,0.0,200.0,0.0,0.0,0.0
0.68,500.0,0.0,200.0,0.0,0.0,0.0
0.6900000000000001,500.0,0.0,200.0,0.0,0.0,0.0
0.7000000000000001,500.0,0.0,200.0,0.0,0.0,0.0
0.71,500.0,0.0,200.0,0.0,0.0,0.0
0.72,500.0,0.0,200.0,0.0,0.0,0.0
0.73,500.0,0.0,200.0,0.0,0.0,0.0
0.74,500.0,0.0,200.0,0.0,0.0,0.0
0.75,500.0,0.0,200.0,0.0,0.0,0.0
0.76,500.0,0.0,200.0,0.0,0.0,0.0
0.77,500.0,0.0,200.0,0.0,0.0,0.0
0.78,500.0,0.0,200.0,0.0,0.0,0.0
0.79,500.0,0.0,200.0,0.0,0.0,0.0
0.8,500.0,0.0,200.0,0.0,0.0,0.0
0.81,500.0,0.0,200.0,0.0,0.0,0.0
0.8200000000000001,500.0,0.0,200.0,0.0,0.0,0.0
0.8300000000000001,500.0,0.0,200.0,0.0,0.0,0.0
0.84,500.0,0.0,200.0,0.0,0.0,0.0
0.85,500.0,0.0,200.0,0.0,0.0,0.0
0.86,500.0,0.0,200.0,0.0,0.0,0.0
0.87,500.0,0.0,200.0,0.0,0.0,0.0
0.88,500.0,0.0,200.0,0.0,0.0,0.0
0.89,500.0,0.0,200.0,0.0,0.0,0.0
0.9,500.0,0.0,200.0,0.0,0.0,0.0
0.91,500.0,0.0,200.0,0.0,0.0,0.0
0.92,500.0,0.0,200.0,0.0,0.0,0.0
0.93,500.0,0.0,200.0,0.0,0.0,0.0
0.9400000000000001,500.0,0.0,200.0,0.0,0.0,0.0
0.9500000000000001,500.0,0.0,200.0,0.0,0.0,0.0
0.96,500.0,0.0,200.0,0.0,0.0,0.0
0.97,500.0,0.0,200.0,0.0,0.0,0.0
0.98,500.0,0.0,200.0,0.0,0.0,0.0
0.99,500.0,0.0,200.0,0.0,0.0,0.0
1.0,500.0,0.0,200.0,0.0,0.0,0.0
1.01,500.0,0.0,200.0,0.0,0.0,0.0
1.02,500.0,0.0,200.0,0.0,0.0,0.0
1.03,500.0,0.0,200.0,0.0,0.0,0.0
1.04,500.0,0.0,200.0,0.0,0.0,0.0
1.05,500.0,0.0,200.0,0.0,0.0,0.0
1.06,500.0,0.0,200.0,0.0,0.0,0.0
1.07,500.0,0.0,200.0,0.0,0.0,0.0
1.08,500.0,0.0,200.0,0.0,0.0,0.0
1.09,500.0,0.0,200.0,0.0,0.0,0.0
1.1,500.0,0.0,200.0,0.0,0.0,0.0
1.11,500.0,0.0,200.0,0.0,0.0,0.0
1.12,500.0,0.0,200.0,0.0,0.0,0.0
1.1300000000000001,500.0,0.0,200.0,0.0,0.0,0.0
1.1400000000000001,500.0,0.0,200.0,0.0,0.0,0.0
1.1500000000000001,500.0,0.0,200.0,0.0,0.0,0.0
1.16,500.0,0.0,200.0,0.0,0.0,0.0
1.17,500.0,0.0,200.0,0.0,0.0,0.0
1.18,500.0,0.0,200.0,0.0,0.0,0.0
1.19,500.0,0.0,200.0,0.0,0.0,0.0
1.2,500.0,0.0,200.0,0.0,0.0,0.0
1.21,500.0,0.0,200.0,0.0,0.0,0.0
1.22,500.0,0.0,200.0,0.0,0.0,0.0
1.23,500.0,0.0,200.0,0.0,0.0,0.0
1.24,500.0,0.0,200.0,0.0,0.0,0.0
1.25,500.0,0.0,200.0,0.0,0.0,0.0
1.26,500.0,0.0,200.0,0.0,0.0,0.0
1.27,500.0,0.0,200.0,0.0,0.0,0.0
1.28,500.0,0.0,200.0,0.0,0.0,0.0
1.29,500.0,0.0,200.0,0.0,0.0,0.0
1.3,500.0,0.0,200.0,0.0,0.0,0.0
1.31,500.0,0.0,200.0,0.0,0.0,0.0
1.32,500.0,0.0,200.0,0.0,0.0,0.0
1.33,500.0,0.0,200.0,0.0,0.0,0.0
1.34,500.0,0.0,200.0,0.0,0.0,0.0
1.35,500.0,0.0,200.0,0.0,0.0,0.0
1.36,500.0,0.0,200.0,0.0,0.0,0.0
1.37,500.0,0.0,200.0,0.0,0.0,0.0
1.3800000000000001,500.0,0.0,200.0,0.0,0.0,0.0
1.3900000000000001,500.0,0.0,200.0,0.0,0.0,0.0
1.4000000000000001,500.0,0.0,200.0,0.0,0.0,0.0
1.41,500.0,0.0,200.0,0.0,0.0,0.0
1.42,500.0,0.0,200.0,0.0,0.0,0.0
1.43,500.0,0.0,200.0,0.0,0.0,0.0
1.44,500.0,0.0,200.0,0.0,0.0,0.0
1.45,500.0,0.0,200.0,0.0,0.0,0.0
1.46,500.0,0.0,200.0,0.0,0.0,0.0
1.47,500.0,0.0,200.0,0.0,0.0,0.0
1.48,500.0,0.0,200.0,0.0,0.0,0.0
1.49,500.0,0.0,200.0,0.0,0.0,0.0
1.5,500.0,0.0,200.0,0.0,0.0,0.0
1.51,500.0,0.0,200.0,0.0,0.0,0.0
1.52,500.0,0.0,200.0,0.0,0.0,0.0
1.53,500.0,0.0,200.0,0.0,0.0,0.0
1.54,500.0,0.0,200.0,0.0,0.0,0.0
1.55,500.0,0.0,200.0,0.0,0.0,0.0
1.56,500.0,0.0,200.0,0.0,0.0,0.0
1.57,500.0,0.0,200.0,0.0,0.0,0.0
1.58,500.0,0.0,200.0,0.0,0.0,0.0
1.59,500.0,0.0,200.0,0.0,0.0,0.0
1.6,500.0,0.0,200.0,0.0,0.0,0.0
1.61,500.0,0.0,200.0,0.0,0.0,0.0
1.62,500.0,0.0,200.0,0.0,0.0,0.0
1.6300000000000001,500.0,0.0,200.0,0.0,0.0,0.0
1.6400000000000001,500.0,0.0,200.0,0.0,0.0,0.0
1.6500000000000001,500.0,0.0,200.0,0.0,0.0,0.0
1.6600000000000001,500.0,0.0,200.0,0.0,0.0,0.0
1.67,500.0,0.0,200.0,0.0,0.0,0.0
1.68,500.0,0.0,200.0,0.0,0.0,0.0
1.69,500.0,0.0,200.0,0.0,0.0,0.0
1.7,500.0,0.0,200.0,0.0,0.0,0.0
1.71,500.0,0.0,200.0,0.0,0.0,0.0
1.72,500.0,0.0,200.0,0.0,0.0,0.0
1.73,500.0,0.0,200.0,0.0,0.0,0.0
1.74,500.0,0.0,200.0,0.0,0.0,0.0
1.75,500.0,0.0,200.0,0.0,0.0,0.0
1.76,500.0,0.0,200.0,0.0,0.0,0.0
1.77,500.0,0.0,200.0,0.0,0.0,0.0
1.78,500.0,0.0,200.0,0.0,0.0,0.0
1.79,500.0,0.0,200.0,0.0,0.0,0.0
1.8,500.0,0.0,200.0,0.0,0.0,0.0
1.81,500.0,0.0,200.0,0.0,0.0,0.0
1.82,500.0,0.0,200.0,0.0,0.0,0.0
1.83,500.0,0.0,200.0,0.0,0.0,0.0
1.84,500.0,0.0,200.0,0.0,0.0,0.0
1.85,500.0,0.0,200.0,0.0,0.0,0.0
1.86,500.0,0.0,200.0,0.0,0.0,0.0
1.87,500.0,0.0,200.0,0.0,0.0,0.0
1.8800000000000001,500.0,0.0,200.0,0.0,0.0,0.0
1.8900000000000001,500.0,0.0,200.0,0.0,0.0,0.0
1.9000000000000001,500.0,0.0,200.0,0.0,0.0,0.0
1.9100000000000001,500.0,0.0,200.0,0.0,0.0,0.0
1.92,500.0,0.0,200.0,0.0,0.0,0.0
1.93,500.0,0.0,200.0,0.0,0.0,0.0
1.94,500.0,0.0,200.0,0.0,0.0,0.0
1.95,500.0,0.0,200.0,0.0,0.0,0.0
1.96,500.0,0.0,200.0,0.0,0.0,0.0
1.97,500.0,0.0,200.0,0.0,0.0,0.0
1.98,500.0,0.0,200.0,0.0,0.0,0.0
1.99,500.0,0.0,200.0,0.0,0.0,0.0
2.0,500.0,0.0,200.0,0.0,0.0,0.0
